<super-manifest>
  <board-manifest-list>
    <board-manifest>
      <uri>https://github.com/cypresssemiconductorco/mtb-bsp-manifest/raw/v2.X/mtb-bsp-manifest.xml</uri>
    </board-manifest>
    <board-manifest>
      <uri>https://github.com/cypresssemiconductorco/mtb-bt-bsp-manifest/raw/v2.X/mtb-bt-bsp-manifest.xml</uri>
    </board-manifest>
  </board-manifest-list>
  <app-manifest-list>
    <app-manifest>
      <uri>https://github.com/cypresssemiconductorco/mtb-ce-manifest/raw/v2.X/mtb-ce-manifest.xml</uri>
    </app-manifest>
    <app-manifest>
      <uri>https://github.com/cypresssemiconductorco/mtb-bt-app-manifest/raw/v2.X/mtb-bt-app-manifest.xml</uri>
    </app-manifest>
  </app-manifest-list>
  <middleware-manifest-list>
    <middleware-manifest>
      <uri>https://github.com/cypresssemiconductorco/mtb-mw-manifest/raw/v2.X/mtb-mw-manifest.xml</uri>
    </middleware-manifest>
    <middleware-manifest>
      <uri>https://github.com/cypresssemiconductorco/mtb-bt-mw-manifest/raw/v2.X/mtb-bt-mw-manifest.xml</uri>
    </middleware-manifest>
    <middleware-manifest>
      <uri>https://github.com/cypresssemiconductorco/mtb-wifi-mw-manifest/raw/v2.X/mtb-wifi-mw-manifest.xml</uri>
    </middleware-manifest>
  </middleware-manifest-list>
</super-manifest>
